g1;codkon;codvuz;z2;g7;g5;g6;g8;g9;g10;g11;g2;g21;g22;g23;g24
 75;01;    92;;55.35.41;600000;Разработка принципиальных схем и методов расчета основных параметров роторных автоматов для штамповки заготовок  гаек;Пономарев Л.И.;заведующий кафедрой;профессор;кандидат технических наук;0;0;0;0;0
 76;01;    96;;55.35.99;500000;Создание научных основ и оборудования для совмещения разноскоростных технологических процессов;Арсентьева И.П.;заведующий кафедрой;доцент;кандидат технических наук;0;0;0;0;0
 77;01;    80;;55.35.99;600000;Разработка оптимального метода устранения местных дефектов металлургических изделий;Салганик В.М.;профессор;профессор;доктор технических наук;0;0;0;0;0
 78;01;    80;;55.35.41;500000;Разработка технологии и оборудования для бескалибровой прокатки сортовых профилей с целью повышения качества, снижения затрат и выдача рекомендаций по реконструкции существующего оборудования;Гун Г.С.;ректор;профессор;доктор технических наук;0;0;0;0;0
 81;01;    90;;55.20.19;500000;Поверхностное упрочнение легких сплавов тонкостенной керамикой;Даев Д.С.;профессор;доцент;доктор технических наук;0;0;0;0;0
 84;01;    60;;55.20.15;400000;Комплексная обработка рабочих поверхностей волочильно-калибровочного инструмента;Жуков В.В.;доцент;старший научный сотрудник;кандидат физико-математических наук;0;0;0;0;0
 16;01;    92;;55.29,55.30;700000;Разработка и исследование методик диагностики состояния роторных систем металлорежущего оботудования и информационно-измерительных диагностических комплексов.;Хрусталев М.М.;профессор;доцент;кандидат технических наук;0;0;0;0;0
 87;01;    51;;55.20.27;400000;Научные основы разработки технологии электромеханического упрочнения деталей из металлических сплавов с целью повышения их эксплуатационных свойств.;Кузнецов И.Ю.;заведующий кафедрой;профессор;доктор технических наук;0;0;0;0;0
 17;01;    93;;55.29,55.30;500000;Многофункциональный мониторинг динамического качества металлорежущих токарной группы;Акилин В.И.;докторант;;кандидат физико-математических наук;0;0;0;0;0
 89;01;    18;;55.20,55.20.27;600000;Исследование синергетических эффектов комбинированных электрофизических и электрохимических методов обработки деталей агрегатов летательных аппаратов;Сарычев В.С.;профессор;;доктор технических наук;0;0;0;0;0
 90;01;     2;;55.20.27;400000;Исследование технологических возможностей комбинированного электро-лазерного метода воздействия на труднообрабатываемые материалы;Куприянов А.Н.;заведующий кафедрой;академик;доктор технических наук;0;0;0;0;0
 91;01;    21;;55.19.13;400000;Научные основы формирования эксплуатационных свойств деталей машин при механической обработке;Иванов О.Н.;доцент;доцент;кандидат технических наук;0;0;0;0;0
 94;01;    38;;55.19.03;400000;Повышение качества лезвийного металлорежущего инструмента управлением термодинамическими процессами в зоне резания;Заковоротный В.Л.;ректор;профессор;доктор технических наук;0;0;0;0;0
 37;01;    53;;55.47.13;500000;Разpаботка научных основ технологии объемной изотеpмической штамповки заготовок из жаpопpочных титановых сплавов с использованием водоpодного пластифициpования;Бегунов А.И.;заведующий кафедрой;профессор;доктор технических наук;0;0;0;0;0
 97;01;    38;;55.39.31;600000;Прочностной анализ конструктивных соединений аппаратов химического машиностроения;Нейдорф Р.А.;заведующий кафедрой;профессор;доктор технических наук;0;0;0;0;0
100;01;    60;;55.39.31;600000;Исследование электромагнитных процессов в устройстве электроиндукционного нагрева цистерн с холодными нефтепродуктами;Попов Ю.И.;профессор;профессор;доктор технических наук;0;0;0;0;0
102;01;    74;;55.37.29;400000;"""РЕСУРСНОЕ ПРОЕКТИРОВАНИЕ ВЫСОКОНАГРУЖЕННЫХ ЭЛЕМЕНТОВ ГАЗОТУРБИННЫХ И ПАРОГАЗОВЫХ УСТАНОВОК""";Лапко А.В.;докторант;доцент;кандидат технических наук;0;0;0;0;0
107;01;    71;;55.37,55.42;400000;Малоэнергоемкая интенсификация теплообмена в условиях воздействия возмущающих факторов;Кузьмин Е.В.;профессор;профессор;доктор технических наук;0;0;0;0;0
 41;01;    53;;55.22.31;700000;Обработка поверхности и покрытий стальных изделий ионной бомбардировкой для улучшения эксплуатационных свойств;Страбыкин Н.Н.;профессор;профессор;доктор физико-математических наук;0;0;0;0;0
109;01;    13;;55.42.49;400000;Сравнительные характеристики и выбор числа ступеней турбины;Евлюхин А.Б.;профессор;профессор;доктор технических наук;0;0;0;0;0
112;01;    92;;55.03;500000;Исследoвание нoвoгo типа пеpедач неoбpатимoгo вpащения;Булеков В.П.;профессор;профессор;доктор технических наук;0;0;0;0;0
 2;01;    53;;55.22;700000;Анализ и исследование методов защиты поверхностей перспективных двигателей летательных аппаратов и вибропрочности получаемых покрытий;Тимофеева Т.С.;заведующий кафедрой;профессор;доктор технических наук;0;0;0;0;0
  2;01;    44;;55.21.15;200000;Разработка методов упрочнения материалов комбинированными концентрированными потоками энергии, обеспечивающих достижение высокопрочного состояния сталей с повышенным сопротивлением хрупкому разрушению;Кудин Л.С.;заведующий кафедрой;профессор;доктор технических наук;0;0;0;0;0
115;01;   100;;55.03;600000;Разработка методов расчета кинематики и напряженно-деформированного состояния деталей и узлов из сплавов с памятью формы.;Плесневич Г.С.;ведущий научный сотрудник;старший научный сотрудник;доктор физико-математических наук;0;0;0;0;0
116;01;    92;;55.03;600000;РАЗРАБОТКА И ПРОЕКТИРОВАНИЕ НОВЫХ ПЕРСПЕКТИВНЫХ РОЛИКОВИНТОВЫХ ПЕРЕДАЧ;Мовчан А.А.;заведующий кафедрой;профессор;доктор технических наук;0;0;0;0;0
118;01;    13;;55.03.35;500000;Создание зубчатой муфты свободного хода на основе самотормозящейся цилиндрической планетарной передачи;Бушенин Д.В.;доцент;доцент;кандидат технических наук;0;0;0;0;0
120;01;    14;;55.03.45;700000;"""Теория, конструирование и расчет механических бесступенчатых передачс упругими звеньями и механическими выпрямителями для траннспортных и тяговых машин""";Ткачев В.Г.;заведующий кафедрой;профессор;доктор технических наук;0;0;0;0;0
  5;01;    93;;55.09,55.21;500000;Разработка и исследование волокнистого композиционного материала с упруго-пластическим связующим;Агамиров Л.В.;заведующий кафедрой;профессор;доктор технических наук;0;0;0;0;0
  6;01;    93;;55.09,55.21;500000;Исследования и разработка безасбестовых пастообразных пресскомпозиций (премиксов) триботехнического назначения;Васильев В.В.;заведующий кафедрой;профессор;доктор технических наук;0;0;0;0;0
 49;01;    92;;55.22;500000;Теоретические и экспериментальные исследования газотермического напыления покрытий из металлоидных соединений.;Алиевский Б.Л.;профессор;профессор;кандидат технических наук;0;0;0;0;0
 50;01;    93;;55.22;500000;Разработка технологии вакуумного напыления с использованием импульсного электронно-лучевого испарения материалов.;Бобров Г.В.;доцент;старший научный сотрудник;кандидат технических наук;0;0;0;0;0
 51;01;     8;;81.29.29;600000;Разработка научно-технических основ проектирования нового поколения внутрикамерн.средств и систем вакуумн.механики и создание типовых функциональных устройств.;Рубанов В.Г.;доцент;доцент;кандидат технических наук;0;0;0;0;0
 52;01;    60;;81.29.29;500000;Прецизионный теплоэлектрический вакууметр сопротивления для диапазона 0,1-несколько десятков Торр.;Гусев М.Е.;профессор;профессор;доктор технических наук;0;0;0;0;0
 23;01;    96;;55.29.31;500000;Авоматизированная установка для ротационного профилирования и правки с общим нагревом кольцевых заготовок из листовых высокопрочных материалов.;Гончаревич И.Ф.;доцент;доцент;кандидат технических наук;0;0;0;0;0
 53;01;    13;;81.29.29;700000;Исследование электронно-термических и ионных устройств для изготовления миниатюрных СМ-катодов.;Хмарук О.Н.;профессор;профессор;доктор технических наук;0;0;0;0;0
 24;01;    92;;55.29,55.30;400000;Экспертная система станка для обеспечения точности обработки;Зечихин Б.С.;заведующий кафедрой;профессор;доктор технических наук;0;0;0;0;0
 61;01;    92;;55.13.17;700000;Научные основы повышения износостойкости пар трения;Чварков Э.А.;заведующий кафедрой;профессор;доктор технических наук;0;0;0;0;0
  7;01;    90;;55.09,55.21;500000;Разработка новых композиционных материалов на основе упрочненных алюминиевых сплавов для машиностроения;Бойцов В.Е.;заведующий кафедрой;доцент;кандидат технических наук;0;0;0;0;0
 63;01;    55;;55.13.17;700000;Технологическое обеспечение и повышение качества деталей машин при их изготовлении;Урманчеев Л.М.;декан;профессор;доктор технических наук;0;0;0;0;0
 27;01;    70;;55.31;600000;ПОВЫШЕНИЕ ПРОИЗВОДИТЕЛЬНОСТИ ОБРАБОТКИ РЕЖУЩЕГО ИНСТРУМЕНТА ЗА СЧЕТ ПРИМЕНЕНИЯ ЭФФЕКТИВНЫХ СМАЗОЧНО-ОХЛАЖДАЮЩИХ ЖИДКОСТЕЙ;Рувинский О.Е.;заведующий кафедрой;профессор;доктор технических наук;0;0;0;0;0
  4;01;    13;;55.21.99;700000;Разработка высокоэффективного технологического процесса получения изделий из порошковых титановых сплавов, основанного на термоводородной обработке;Танкеев С.Г.;заведующий кафедрой;профессор;доктор технических наук;0;0;0;0;0
 64;01;    93;;55.13.17;500000;Разработка научных основ создания высокоэффективных технологических процессов динамической балансировки роторов лучом лазера;Васильев В.В.;доцент;доцент;кандидат технических наук;0;0;0;0;0
 68;01;    90;;55.15.23;500000;Разработка автоматизированного проектирования технологических средств воздействия на затвердевание и питание отливок при специальных способах литья;Башкатов Д.Н.;профессор;профессор;доктор технических наук;0;0;0;0;0
 15;01;     4;;55.31;400000;Разработка основ единой системы автоматизированного проектирования инструментов, исходя из функционального назначения обрабатываемых поверхностей деталей машин;Комаров В.И.;доцент;доцент;кандидат технических наук;0;0;0;0;0
 73;01;    71;;55.35.99;500000;Разработка высокопроизводительных автоматов с использованием прогрессивных малоотходных технологий изготовления качественных крепежных изделий;Гаевский Н.А.;заведующий кафедрой;профессор;доктор технических наук;0;0;0;0;0
 75;02;    79;;87.53;300000;Разработка перспективных полимерных, в том числе текстильных материалов с пониженной горючестью, повышающих безопасность жизнедеятельности человека в быту и на производстве и снижающих материальные по;Арутюнов И.Е.;;;доктор химических наук;0;0;0;0;0
 77;02;    21;;87.01;280000;Исследование диэлектрических и излучательных характеристик мерзлых почвогрунтов в диапазоне СВЧ;Смоленцев В.П.;;;доктор физико-математических наук;0;0;0;0;0
  9;02;    53;;87.33.31,27.43.15;160000;Вероятностные модели рассеивания веществ в атмосфере и их применение;Ляхов А.И.;заведующий кафедрой;доцент;кандидат физико-математических наук;0;0;0;0;0
 80;02;    18;;87.15.03;420000;Разработка оперативных методов фитоиндикации загрязнения окружающей среды;Хмелев К.Ф.;заведующий кафедрой;профессор;кандидат биологических наук;0;0;0;0;0
 16;02;    97;;87.17.81,87.19.81;400000;Физические основы создания сейсмочувствительных информационно-измерительных сетей для мониторинга нестационарных деформационных полей в земной коре;Грохотов Ф.И.;директор;профессор;доктор физико-математических наук;0;0;0;0;0
 87;02;    13;;87.15;360000;Оценка состояния пелагеали Байкала в районах антропогенного воздействия с применением импульсного погружного флуориметра;Сергеев А.Г.;;;;0;0;0;0;0
 89;02;    11;;87.15;300000;Оценка состояния степных экосистем Алтайского края при интенсивном антропогенном воздействии;Буглаев В.Т.;;профессор;доктор биологических наук;0;0;0;0;0
 92;02;    11;;87.15;320000;Оценка состояния пелагиали Байкала в районах антропогенного воздействия;Киппер Э.Е.;заведующий лабораторией;старший научный сотрудник;кандидат биологических наук;0;0;0;0;0
 93;02;    93;;87.15;320000;Сообщества макрозообентоса оз.Байкал в условиях антропогенного воздействия :Байкальский целлюлозно-бумажный комбинат;Исаева И.Л.;ведущий научный сотрудник;;кандидат биологических наук;0;0;0;0;0
 37;02;    93;;87.35.29;360000;Математическое моделирование динамики популяционных и экологических систем при интенcивном антропогенном воздействии;Носов В.К.;профессор;профессор;доктор биологических наук;0;0;0;0;0
 10;02;    92;;87.33.33,87.33.35;300000;Математическое моделирование и оптими-зация процессов функционирования средств дистанционной локализации лесных пожаров системой точечных взрывов;Булеков В.П.;;;кандидат физико-математических наук;0;0;0;0;0
 45;02;    71;;87.19.91,87.19.03;500000;Комплексный подход к оценке состояния водных экосистем малых рекреационных водоемов;Апонасенко А.Д.;заведующий кафедрой;профессор;доктор биологических наук;0;0;0;0;0
 46;02;    71;;87.53.13;300000;Очистка сточных вод от фенолов и нефтепродуктов метоодом озонирования с использованием кавитации;Гольд В.М.;заведующий кафедрой;профессор;доктор технических наук;0;0;0;0;0
 48;02;    96;;87.15.03,87.26.27;400000;Разработка эффективных и экономичных систем дистанционного контроля загрязнений атмосферы и дистанционного газоанализа;Гладков М.И.;доцент;доцент;кандидат технических наук;0;0;0;0;0
 23;02;    90;;87.55.33,87.55.81;160000;Экологический мониторинг электромагнитных полей и критических частот ионосферы с использованием одного пункта наблюдений;Корчуганова Н.И.;ведущий научный сотрудник;старший научный сотрудник;кандидат физико-математических наук;0;0;0;0;0
  1;02;    90;;87.15.03,87.26.27;180000;молекулярные сорбционно-спектроскопические методы анализа объектов окружающей среды: теория, методики, приборная реализация;Петров Б.К.;декан;профессор;кандидат химических наук;0;0;0;0;0
 25;02;    78;;87.55.33,87.55.81;280000;Исследования уровня электромагнитного фона в диапазоне частот 1-32 МГц и его связей с гелио-геофизическими факторами;Титов В.С.;заведующий кафедрой;старший научный сотрудник;доктор физико-математических наук;0;0;0;0;0
 61;02;    12;;87.23,87.29;600000;Процессы взаимодействия щелочноземельных и редкоземельных элементов в природных и техно-генных ландшафтах Прибайкалья и их влияние на экогенную патологию человека;Памфилов Е.А.;доцент;;кандидат геолого-минералогич. наук;0;0;0;0;0
 69;02;    93;;87.01;320000;Разработать стратегию обеспечения экологической безопасности в регионах с горнодобывающей промышленностью ( на примере Кузбасса);Лисов А.А.;;;доктор философских наук;0;0;0;0;0
 72;02;    97;;87.19.81;560000;Разработка теоретических основ и методик физико-химического анализа и контроля чистоты водных ресурсов предгорной местности;Федунец Н.И.;заведующий кафедрой;профессор;доктор технических наук;0;0;0;0;0
 16;03;    38;;67.09.43;700000;Плитные материалы на основе продуктов этерификации древесины;Хозяев И.А.;заведующий кафедрой;доцент;кандидат химических наук;0;0;0;0;0
 10;03;    93;;66.15;400000;Разработка рекомендаций проведения несплошных рубок на основе технологий непрерывного лесопользования;Коллеров М.Ю.;доцент;;кандидат технических наук;0;0;0;0;0
  5;03;    13;;68.47;400000;Использование, охрана, воспроизводство и обогащение генетических ресурсов дубрав Среднего Поволжья;Костров А.В.;заведующий кафедрой;профессор;доктор сельскохоз;0;0;0;0;0
 11;03;    38;;68.47;400000;Разработка теоретической базы автоматизации технологических расчетов в САПР, оперативном планировании и организационно-экономическом управлении процессами лесопромышленного производства;Дьяченко Г.Н.;декан;профессор;доктор технических наук;0;0;0;0;0
 13;03;    51;;66.15;600000;Разработка технологии рубок ухода с обоснованием возможныъ способов утилизации заготовляемой древесины на основе изучения ее товарной структуры;Сараев В.В.;доцент;доцент;кандидат технических наук;0;0;0;0;0
 14;03;    70;;66.35.43;500000;Компьютеризация многокритериального управления процессом горячего прессования древесностружечных плит;Выродов И.П.;заведующий кафедрой;профессор;доктор технических наук;0;0;0;0;0
 26;03;    51;;66.29;500000;Технологические основы многоцелевого раскроя круглых лесоматериалов;Васильев О.В.;заведующий кафедрой;профессор;доктор технических наук;0;0;0;0;0
  3;03;     6;;68.47;350000;Использование микроорганизмов в повышении устойчивости сеянцев хвойных к полеганию;Циркунов Ю.М.;доцент;доцент;кандидат биологических наук;0;0;0;0;0
 28;03;    72;;66.45.01;700000;Развитие теории эксплуатационной эффективности бумагоделательного оборудования и организация его ремонта (на примере бумагоделательных машин);Созутов А.И.;заведующий кафедрой;профессор;доктор технических наук;0;0;0;0;0
 15;03;    36;;66.45;500000;Прогнозирование трещиностойкости бумаги и картона;Аниконов Д.С.;заведующий кафедрой;профессор;кандидат технических наук;0;0;0;0;0
 32;04;    57;;44.09.29;500000;Разработка методов для оценки эффективности использования энергии и резервов энергосбережения в процессах промышленности и коммунально-бытовой сферы;Арсланов М.М.;;;;0;0;0;0;0
 78;04;     2;;44.31.31;600000;Разработка теоретических основ, технологии, аппаратуры и режимов фракционирования золошлаковых отходов ТЭС с целью повышения степени и эффективности их полезного использования;Миронов В.Л.;заведующий кафедрой;профессор;доктор технических наук;0;0;0;0;0
 33;04;     7;;44.09.29;700000;Расчетно-аналитический метод создания энергетических и экологических оптимальных промышленных аппаратов и систем;Хабибуллин Б.Н.;;;;0;0;0;0;0
 87;04;    78;;44.31.31;700000;Разработка и совершенствование устройствдля экологическичистого сжигания на ТЭС канско-ачинских углей;Титов В.С.;старший преподаватель;;кандидат технических наук;0;0;0;0;0
 89;04;    93;;44.01.75;600000;Моделирование рабочего процесса испарительного охлаждения газовых потоков в каналах тепловых электроустановок;Мордехай В.М.;заведующий кафедрой;профессор;доктор технических наук;0;0;0;0;0
 92;04;    51;;44.29.37;400000;"""ТЕОРЕТИЧЕСКИЕ И ЭКСПЕРИМЕНТАЛЬНЫЕ ИССЛЕДОВАНИЯ ПОМЕХОУСТОЙЧИВОСТИ УСТРОЙСТВ ПРОТИВОАВАРИЙНОЙ ЗА-ЩИТЫ, АВТОМАТИКИ И ИЗМЕРЕНИЙ НА ИНТЕГРАЛЬНЫХ МИКРО-СХЕМАХ""";Изместьева Л.Р.;доцент;доцент;кандидат технических наук;0;0;0;0;0
 95;04;    93;;44.29.29,44.29.31;700000;"""Разработка методологии решения задач структурного синтеза и структурно-параметрической оптимизации алгоритмов управления сложными ЭЭС на основе концепции псевдожелаемых математических моделей""";Шишмарев В.Ю.;профессор;профессор;доктор технических наук;0;0;0;0;0
 99;04;    93;;44.29.33;700000;Исследование и разработка магнитотранзисторного преобразователя тока в напряжение (цифровой код) для опто-электронных трансформаторов тока класса 110-1150 кВ;Чуреев Е.Г.;доцент;доцент;кандидат технических наук;0;0;0;0;0
102;04;    53;;44.29.29;600000;Оптимизационные исследования человеко-машинных систем для подготовки персонала объектов электроэнергетических систем;Репецкий О.В.;заведующий кафедрой;профессор;доктор физико-математических наук;0;0;0;0;0
109;04;    92;;44.41.35;700000;""" Исследование и разработка новых способов производства кремния и повышения коэффициента полезного действия кремниевых элементов для солнечных батарей.""";Целиков В.А.;заведующий кафедрой;профессор;доктор физико-математических наук;0;0;0;0;0
 19;04;    68;;44.09;700000;Нетрадиционные методы энергосбережения в промышленных тепломассообменных установках с неравномерным распределением потоков и параметров;Хусаинов А.А.;;;;0;0;0;0;0
112;04;    71;;59.14.29;400000;Формирование облика системы принятия решений нейросетевого типа по управлению подвижными объектами в условиях конфликтных ситуаций;Зиненко В.И.;заведующий кафедрой;профессоръ;доктор технических наук;0;0;0;0;0
 43;04;    18;;44.31.31;600000;СОЗДАНИЕ ЭКОЛОГИЧЕСКИ ЦЕЛЕСООБРАЗНОЙ ТЕХНОЛОГИИ ОБЕЗВРЕЖИВАНИЯ СТОЧНЫХ ВОД СИСТЕМ ГИДРОЗОЛОУДАЛЕНИЯ ТЭС;Манаков Н.Л.;декан;профессор;доктор технических наук;0;0;0;0;0
 49;04;    71;;45.53.35;500000;Энергосберегающие источники питания технологических установок на базе электромеханических накопителей-преобразователей;Александров К.С.;профессор;профессор;доктор технических наук;0;0;0;0;0
 50;04;   100;;45.01.29;600000;Алгоритмическое, методическое и программное обеспечение анализа тепловых режимов электротехнических устройств в условиях неопределенности;Попов О.Н.;доцент;доцент;кандидат технических наук;0;0;0;0;0
 51;04;    36;;45.01.81;600000;Изучение взаимодействия электромагнитных волн в нелинейной среде и создание прибора для контроля упрочненного слоя на стальных изделиях;Нечаева Т.И.;доцент;доцент;кандидат технических наук;0;0;0;0;0
 52;04;    93;;45.01;700000;Экспериментальное и теоретическое обоснование применения объема униполярного пробоя газа (УПГ) в устройствах автоматического контроля в технологических процессах вредных производств, протекающих через;Суминов В.М.;доцент;старший научный сотрудник;кандидат физико-математических наук;0;0;0;0;0
 23;04;    55;;44.29.39;400000;Разработка способов прямого преобразования тепла в электроэнергию переменного тока;Ибрагимов К.И.;;;;0;0;0;0;0
 53;04;    69;;45.01.29,45.01.45;500000;Исследование и разработка диалоговой системы проектирования электротехнических объектов на ос-нове базы данных магнитных материалов;Герасимов И.В.;доцент;доцент;кандидат технических наук;0;0;0;0;0
 54;04;    53;;45.43.35;700000;"""Разpаботка индукционных устpойств для нагpева железнодоpожных цистеpн пpи сливе вязких пpодуктов""";Труфанов А.И.;заведующий кафедрой;доцент;кандидат технических наук;0;0;0;0;0
 55;04;   100;;45.31;700000;Разработка транзисторно-резисторных аппаратов защиты и коммутации;Якункин М.М.;профессор;профессор;доктор технических наук;0;0;0;0;0
 24;04;    60;;44.29.39;700000;Оптимизация автономных электромеханических преобразователей по критерию энергоснабжения;Чупахина Г.Н.;;;;0;0;0;0;0
 62;04;    73;;45.41.31;500000;АВТОМАТИЗИРОВАННЫЙ ЭЛЕКТРОПРИВОД СОВМЕЩЕННЫХ ЛИТЕЙНО-ПРОКАТНЫХ АГРЕГАТОВ;Вертухов М.В.;заведующий кафедрой;профессор;доктор технических наук;0;0;0;0;0
 69;04;    55;;45.01.81;400000;""" Расширение функциональных возможностей ме-тодов эксплуатации по фактическому состоянию электротехнических уст-ройств и агрегатов""";Дмитриев С.В.;ведущий научный сотрудник;доцент;кандидат технических наук;0;0;0;0;0
 31;04;    88;;44.09.29;600000;Повышение эффективности использования топлива в промышленных циклонных нагревательных устройствах на основе энергоэкологоэкономической оптимизации геометрических и режимных характеристик;Матисон В.А.;;;;0;0;0;0;0
 16;05;    35;;36.01.29,87.03.17;400000;Экономико-математические модели оценки охотничьих и сельскохозяйственных угодий (Прибайкалье).;Кульчин Ю.Н.;заведующий лабораторией;старший научный сотрудник;кандидат экономических наук;0;0;0;0;0
  4;05;    90;;36.33.03,36.33.23;400000;Методы, алгоритмы и система автоматизированного создания карт по статистическим данным с оцениванием точности картирования.;Ежов А.И.;заведующий кафедрой;профессор;доктор технических наук;0;0;0;0;0
 11;05;    80;;36.16.03;600000;Исследование крутильно-резонансного метода измерения пространственных производных гравитационного поля Земли.;Миляев А.Ф.;старший научный сотрудник;старший научный сотрудник;кандидат технических наук;0;0;0;0;0
 22;05;    92;;36.29.31;400000;Исследование и разработка методов повышения дешифрируемости изображений и улучшения представляемого изображениями инструментального разрешения на местности при дистанционном зондировании Земли (обрабо;Джавадов Г.Г.;заведующий кафедрой;профессор;доктор технических наук;0;0;0;0;0
 12;05;    93;;36.16.39,37.31.31;400000;Разработка проблемы влияния нетектонических факторов на результаты исследований современных движений земной коры геодезическими методами.;Куликов С.Н.;заведующий кафедрой;доцент;доктор технических наук;0;0;0;0;0
 24;05;    92;;36.29.31;500000;Разработка основ теории, принципов построения, алгоритмического обеспечения автоматизированных систем обработки изображений на базе твердотельных приемников оптического излучения.;Геращенко А.Н.;заведующий кафедрой;профессор;доктор технических наук;0;0;0;0;0
 82;06;    60;;50.09.37;400000;Разработка прецизионного датчика угловых перемещений на основе регулярных монокристаллических структур;Кшевецкий С.П.;профессор;профессор;кандидат технических наук;0;0;0;0;0
 83;06;    57;;90.03;400000;Разработка региональной системы управления качеством окружающей среды;Дедков А.П.;заведующий кафедрой;доцент;доктор экономических наук;0;0;0;0;0
 16;06;    51;;50.43.15,50.43.17;600000;Разработка методов синтеза алгоритмов управления ускорителями макрочастиц с использованием экспериментальных данных;Орлова Т.Т.;ведущий научный сотрудник;профессор;доктор физико-математических наук;0;0;0;0;0
 87;06;    74;;90.03;700000;Разработка теоретических основ и метрологического обеспечения магнитного контроля качества ферритовых порошковых материалов;Шишканов А.Г.;ректор;профессор;доктор технических наук;0;0;0;0;0
 88;06;    16;;90.03;500000;Разработка научных основ сертификации многомерных измерений;Вагмутов В.П.;заведующий кафедрой;профессор;кандидат технических наук;0;0;0;0;0
100;06;    35;;50.09.37;400000;Измерительные преобразователи расхода газа на основе тепловых и меточных методов измерения;Киншт Н.В.;профессор;профессор;доктор технических наук;0;0;0;0;0
109;06;    53;;50.09,50.10;600000;Разработка численных алгоритмов и путей реализации многослойных нейронных сетей для решения общей томографической задачи;Саломатов В.Н.;проректор;профессор;доктор физико-математических наук;0;0;0;0;0
114;06;    33;;20.23.15,20.23.21;600000;Исследования по объектно-ориентированным моделям данных и знаний;Сафаралиев Г.К.;доцент;доцент;кандидат физико-математических наук;0;0;0;0;0
 47;06;    76;;50.03;400000;Адаптивная синхронизация и управление нелинейными колебаниями;Курехин В.В.;профессор;профессор;доктор технических наук;0;0;0;0;0
  3;06;    12;;49.31.29,49.43.31;300000;Проектирование высокоскоростных программируемых устройств обработки цифровых сигналов спутниковых систем связи специального назначения;Сильман Г.И.;проректор;профессор;доктор технических наук;0;0;0;0;0
 21;06;    76;;28.29;600000;"Измерение целей системы с помощью оценок ""труд-ность достижения цели""";Першин В.В.;проректор;профессор;доктор технических наук;0;0;0;0;0
 50;06;    96;;50.47;700000;Разработка и исследование методов параметрического анализа и синтеза робастных систем автоматизации технологических процессов на основе теории D-разбиения;Чурсин В.М.;заведующий кафедрой;профессор;доктор технических наук;0;0;0;0;0
 51;06;    38;;50.03;500000;Структурный синтез динамических систем на основе модульной декомпозиции математических моделей;Анисимов С.Д.;профессор;профессор;доктор технических наук;0;0;0;0;0
 59;06;    97;;20.53.19,20.53.21;500000;Методы и алгоритмы оценочно-корреляционной обработки сигналов и компенсации помех;Авдохин В.М.;профессор;профессор;доктор технических наук;0;0;0;0;0
 64;06;    80;;28.17,28.29;600000;Технология системного метамоделиpования на основе семантического пpогpаммиpования для задач исследования и пpоектиpования сложных систем;Салганик В.М.;ректор;профессор;доктор технических наук;0;0;0;0;0
  8;06;    53;;49.31.29;700000;Статистический синтез и анализ алгоритмов оценки параметров сигналов радиотехнических систем для различных типов несущих колебаний;Федотов К.В.;заведующий кафедрой;профессор;доктор технических наук;0;0;0;0;0
 72;06;    40;;28.19;400000;Разработка теории и методов искусственного интеллекта для автоматизированного управления добычей полезных ископаемых;Кашицын А.С.;заведующий кафедрой;профессор;доктор технических наук;0;0;0;0;0
 21;07;    67;;34.23;500000;Изучение пространственной организауии почвенных водорослей и влияния на нее факторов среды;Абрамов Л.М.;заведующий лабораторией;доцент;кандидат биологических наук;0;0;0;0;0
  1;07;    71;;31.15;200000;Термодинамика высокотемпературных химических процессов с участием соединений редкоземельных металлов;Качин С.В.;профессор;профессор;доктор химических наук;0;0;0;0;0
 21;07;    13;;31.17;600000;Природа стеклообразного состояния вещества и физико-химические свойства халькогенидных стеклообразных сплавов;Ольшевский М.В.;доцент;доцент;кандидат химических наук;0;0;0;0;0
457;07;    13;;29.19;600000;Квазиодномерные системы с вырожденным состоянием узла;Прокошев В.Г.;профессор;профессор;доктор физико-математических наук;0;0;0;0;0
249;07;    18;;31.15.03;400000;"Cтроение и колебательные спектры молекул солей кислородсодержащих кислот типа МClО3 и М2ХО3, где X = S, Se, Te ; M = Li, Na, K, Rb, Cs. Неэмпирическое исследование с учетом электронной корреляции";Кравченко Т.А.;профессор;доцент;доктор химических наук;0;0;0;0;0
 78;07;    41;;29.19.15;700000;Исследование особенностей кристаллической и зонной структур соединений A2B6, содержащих низкоразмерную фазу, сверхрешетки, квантовые ямы, а также систем со структурным переходом ZB-W;Ушаков С.Г.;заведующий кафедрой;профессор;доктор физико-математических наук;0;0;0;0;0
 33;07;    92;;27.27;240000;Рост целых и мероморфных функций;Исаченков Е.И.;заведующий кафедрой;профессор;доктор физико-математических наук;0;0;0;0;0
124;07;    52;;27.37;240000;Теоретико-групповые методы в проблеме оптимизации систем с распределенными параметрами с приложением к задаче математического моделирования оптимльной тепловой защиты;Дыхта В.А.;заведующий кафедрой;профессор;доктор физико-математических наук;0;0;0;0;0
 80;07;    55;;34.35.51,34.29.35;600000;Особенности антропогенной трансформации растительного покрова бассейна Среднего Дона;Раздайбедин А.А.;заведующий кафедрой;профессор;доктор биологических наук;0;0;0;0;0
  2;07;     6;;30.17;240000;Исследование динамики примеси в задачах механики газовзвесей;Сизов А.М.;старший научный сотрудник;старший научный сотрудник;кандидат технических наук;0;0;0;0;0
170;07;    81;;39.03,39.15;700000;Моделирование экоситуаций: динамическое состояние, устойчивость;Шестакова Э.В.;доцент;доцент;кандидат географических наук;0;0;0;0;0
 81;07;    71;;37.31;500000;Исследование природы частотной зависимости электрических свойств горных пород;Григорьев Ю.С.;заведующий кафедрой;профессор;доктор технических наук;0;0;0;0;0
 82;07;    28;;37.21.03,27.35.27;700000;Генерация и распространение нелинейных внутренних гравитационных волн в атмосфере;Федоров В.А.;доцент;доцент;кандидат физико-математических наук;0;0;0;0;0
 83;07;   100;;39.03;700000;Глобальный анализ процессов эрозии и их изменения по данным о стоке взвешенных наносов;Смирнов И.С.;профессор;профессор;доктор географических наук;0;0;0;0;0
394;07;   100;;27.29;560000;Исследование нелинейных задач, приводящих к уравнению Эмдена-Фаулера;Чеботарев А.М.;заведующий кафедрой;профессор;доктор физико-математических наук;0;0;0;0;0
 84;07;   100;;34.39.19;600000;Структурная и функциональная организация фотосенсорных систем брюхоногих моллюсков;Петросянц К.О.;доцент;доцент;кандидат биологических наук;0;0;0;0;0
 86;07;    14;;31.15;500000;Термодинамика комплексообразования и реакций фосфор- и мышьякорганических соединений в растворе и газовой фазе;Аникеев Б.В.;заведующий кафедрой;академик;доктор химических наук;0;0;0;0;0
462;07;    66;;29.19.39,29.19.41;500000;Магнитные фазы и доменная структура в кубических кристаллах с наведенной одноосной анизотропией;Баранцев Р.Г.;заведующий кафедрой;доцент;доктор физико-математических наук;0;0;0;0;0
467;07;    52;;39.03;600000;Развитие береговой зоны Дальнего Востока России в условиях ожидаемых глобальных изменений климата;Пархомов В.А.;заведующий лабораторией;;кандидат географических наук;0;0;0;0;0
 88;07;    92;;34.31;700000;ОЦЕНКА ПОТЕНЦИАЛЬНЫХ ВОЗМОЖНОСТЕЙ МАЛЫХ ПО ПЛОЩАДИ ПРИРОДНЫХ РЕЗЕРВАТОВ В СОХРАНЕНИИ РЕГИОНАЛЬНОГО ФАУНИСТИЧЕСКОГО РАЗНООБРАЗИЯ;Соболев В.И.;заместитель директора;;кандидат биологических наук;0;0;0;0;0
 90;07;    93;;29.19.29;700000;Структурные нестабильности в металлоксидных высокотемпературных сверхпроводниках с перовскитоподобной слоистой структурой;Суминов В.М.;докторант;;кандидат физико-математических наук;0;0;0;0;0
402;07;   100;;29.33.03;500000;Неклассические поляризационные состояния света и квантовый хаос в нелинейных РОС-системах и возможности их наблюдения на основе квантовых невозмущающих измерений параметров Стокса светового поля;Ананьевский И.М.;профессор;профессор;доктор физико-математических наук;0;0;0;0;0
390;07;    79;;27.39,27.21;420000;Деквантование и когерентное преобразование операторов;Урбанович Л.И.;профессор;профессор;доктор физико-математических наук;0;0;0;0;0
214;07;    53;;27.19,27.21;400000;Топологические и геометрические свойства обобщенных пространств Эйнштейна;Власов В.Г.;профессор;доцент;доктор физико-математических наук;0;0;0;0;0
440;07;    36;;30.51.43;300000;Исследование стато-динамических биомеханических свойств артериального русла в связи с сочетанной эндотелий-зависимой регуляцией давлением и потоком;Бажанский И.И.;старший преподаватель;;кандидат биологических наук;0;0;0;0;0
 52;07;    38;;29.35.03;300000;Голографические методы исследования многокомпонентных вибраций крупногабаритных объектов;Нейдорф Р.А.;доцент;доцент;кандидат физико-математических наук;0;0;0;0;0
100;07;    41;;27.21.15;300000;Основы теории регулярных гиперполосных распределений и гиперполос аффинного пространства;Гречухин В.Н.;профессор;профессор;кандидат физико-математических наук;0;0;0;0;0
110;07;    35;;29.19.15,29.19.35;400000;Исследование фазовой диаграммы, несоразмерной фазы и динамики решетки в кристаллах семейства K2SO4 и в твердых растворах на их основе;Кульчин Ю.Н.;профессор;профессор;доктор физико-математических наук;0;0;0;0;0
101;07;   100;;34.03.23;700000;Теоретическое обобщение статистических методов моделирования и принятия решений в развивающихся биологических системах при априорной неопределенности;Смирнов И.С.;заведующий кафедрой;профессор;доктор технических наук;0;0;0;0;0
 19;07;    53;;34.03.39;400000;Биоритмологические корреляты индивидуальных особенностей адаптации (макро- и микро-уровни);Кудряшев В.А.;доцент;;кандидат биологических наук;0;0;0;0;0
392;07;    18;;27.27;480000;Торические многообразия в комплексном анализеи его приложениях;Покорный Ю.В.;заведующий кафедрой;профессор;доктор физико-математических наук;0;0;0;0;0
103;07;    93;;29.19.33;500000;Эмиссия электронов и световых квантов в полярных диэлектриках;Борисов А.М.;заведующий кафедрой;профессор;доктор физико-математических наук;0;0;0;0;0
104;07;    18;;29.19.15;480000;Взаимосвязь электронных и магнитных свойств сильнокоррелированных систем;Сидоркин А.С.;заведующий кафедрой;профессор;доктор физико-математических наук;0;0;0;0;0
107;07;    55;;29.19.31;700000;Горячие электроны и электрический пробой в узкощелевых полупроводниках с сильно вырожденными носителями тока;Щукин А.В.;ассистент;;кандидат физико-математических наук;0;0;0;0;0
 31;07;    71;;29.29;500000;Диамагнитные воспpиимчивости высших поpядков для сдвига и pасщепления атомных линий в сильном магнитном поле;Белов Ю.Я.;профессор;доцент;доктор физико-математических наук;0;0;0;0;0
378;07;     6;;30.19;560000;Моделирование процесса накопления рассеяных повреждений в композитных материалах и процесса изменения механических характеристик при квазистатическом и цикли-ческом нагружениях;Усков В.Н.;ведущий научный сотрудник;старший научный сотрудник;доктор технических наук;0;0;0;0;0
 43;07;    97;;29.29;600000;Циркулярный дихроизм в процессах столкновений атомов с электронами и фотонами;Пастоев И.Л.;профессор;профессор;доктор физико-математических наук;0;0;0;0;0
112;07;    92;;29.19.31;600000;Получение и физические свойства гетеропереходов на основе карбида кремния;Самойлов Е.А.;проректор;профессор;доктор физико-математических наук;0;0;0;0;0
 20;07;    90;;29.35.03;400000;Разработка радиофизических принципов и алгоритмов диагностики пространственных объектов при использовании сигналов с высоким разрешением;Комащенко В.И.;заведующий кафедрой;профессор;доктор технических наук;0;0;0;0;0
 10;07;     6;;34.33.19;320000;кариосистематика, таксономия и эволюция мелких двукрылых насекомых;Кэрт Б.Э.;заведующий кафедрой;доцент;доктор биологических наук;0;0;0;0;0
372;07;     1;;30.19;560000;Пpочностные свойства матеpиалов со стаpеющим сваpным швом пpи вибpации;Старостенков М.Д.;заведующий кафедрой;член-корреспондент АН;доктор физико-математических наук;0;0;0;0;0
120;07;    13;;27.37.15,27.21.19;420000;"Геометрия ""в целом"" звездных минимальных поверхностей и их приложение к проблеме Саймона";Филимонов В.Н.;доцент;доцент;кандидат физико-математических наук;0;0;0;0;0
121;07;    77;;27.29;300000;Решение дифференциально-алгебраических уравнений методом продолжения по параметру с наилучшей параметризацией;Благонравов А.А.;профессор;профессор;доктор физико-математических наук;0;0;0;0;0
369;07;    40;;29.19.15,29.19.19;400000;Атомистические исследования эволюции многокомпонентных структур;Ефимов Г.В.;заведующий кафедрой;профессор;доктор физико-математических наук;0;0;0;0;0
122;07;    92;;27.37;560000;Оптимальное управление импульсными процессами с нелинейным интегральным функционалом;Шалашилин В.И.;заведующий кафедрой;профессор;доктор физико-математических наук;0;0;0;0;0
130;07;    55;;31.15;500000;Природа растворителя в энтропийных характеристиках сольватотермодинамических эффектов термоэлектрохимических систем;Гараев К.Г.;заведующий кафедрой;профессор;доктор химических наук;0;0;0;0;0
132;07;    44;;31.15.25,31.15.27;400000;ОДНОВРЕМЕННОЕ ПРИМЕНЕНИЕ КАТАЛИЗА, ПОВЫШЕННОГО ДАВЛЕНИЯ И ТЕМПЕРАТУРЫ В РАВНОВЕСНЫХ РЕАКЦИЯХ ЦИКЛОПРИСОЕДИНЕНИЯ;Кобенин В.А.;заведующий отделом;профессор;доктор химических наук;0;0;0;0;0
350;07;    57;;34.27;400000;Дыхание и энергетические проблемы функционирования экосистем;Жигалко Ю.П.;заведующий кафедрой;профессор;доктор биологических наук;0;0;0;0;0
133;07;    57;;31.15;400000;Межфазные явления в электромембранной системе с поверхностно-активными органическими веществами;Киселев В.Д.;профессор;профессор;доктор химических наук;0;0;0;0;0
147;07;    17;;29.05.29;560000;Рождение чарма в космических лучах: физические модели и данные подземных детекторов и глубоководных установок;Шорин В.А.;доцент;доцент;кандидат физико-математических наук;0;0;0;0;0
 47;07;    66;;31.15.15;700000;Получение, строение и физико-химические свойства новых парамагнитных гетерополидерных комплексов с бидентатными гетеросодержащими лигандами;Флегентов И.В.;заведующий кафедрой;старший научный сотрудник;доктор химических наук;0;0;0;0;0
160;07;    36;;34.49;500000;Обобщение материалов по изучению онтогенеза, поливариантности развития и биоразнообразия популяций растений: создание эколого-онтогенетического музея и онтогенетического атласа;Анисимов А.П.;доцент;доцент;кандидат биологических наук;0;0;0;0;0
177;07;    57;;34.17;700000;Физико-химические основы действия УФ-света и температуры на структурно-функциональное состояние некоторых белков крови в свободном состоянии и в комплексе с эритроцитарными мембранами;Хабутдинов Ю.Г.;заведующий кафедрой;профессор;доктор биологических наук;0;0;0;0;0
183;07;    18;;29.15.03;500000;СТИМУЛИРОВАНИЕ РАДИОАКТИВНЫХ ЯДЕРНЫХ ПРЕВРАЩЕНИЙ И ЭМИССИИ БЫСТРЫХ ЧАСТИЦ ИОН-ИОННЫМИ СТОЛКНОВЕНИЯМИ;Артюхов В.Г.;заведующий кафедрой;профессор;доктор физико-математических наук;0;0;0;0;0
191;07;    92;;34.45;700000;Цитоскелет и водный обмен растений: состояние и транспорт воды при действии низких температур и водного стресса;Скубачевский А.Л.;заведующий кафедрой;профессор;доктор биологических наук;0;0;0;0;0
185;07;    18;;27.35.33;400000;Эллиптические и параболические функционально-дифференциальные уравнения, возникающие в задачах нелинейной оптики;Копытин И.В.;заведующий кафедрой;профессор;доктор физико-математических наук;0;0;0;0;0
199;07;    57;;31.19;700000;Ультрамикроэлектроды на основе электронных переносчиков как химические сенсоры с низким уровнем шумов;Хохлова Л.П.;заведующий кафедрой;профессор;доктор химических наук;0;0;0;0;0
204;07;    57;;30.19;400000;Феноменологические модели разрушения металлов при больших пластических деформациях;Будников Г.К.;заведующий кафедрой;профессор;доктор физико-математических наук;0;0;0;0;0
209;07;    85;;41.21.19;480000;"Разработка модели генерации субсекундных спайков в радиоизлучении солнечных вспышек (""СПАЙК"")";Кийко И.А.;профессор;профессор;доктор физико-математических наук;0;0;0;0;0
220;07;     2;;29.29,29.31;600000;Влияние интенсивного оптического излучения на бета-процессы в сильном магнитном поле с учетом температуры и плотности электронного газа;Родионов Е.Д.;заведующий кафедрой;профессор;доктор физико-математических наук;0;0;0;0;0
233;07;    90;;41.15;720000;Определение положений радиозвезд;Родионов В.Н.;заведующий отделом;старший научный сотрудник;доктор физико-математических наук;0;0;0;0;0
247;07;    57;;31.15;600000;Окислительно-восстановительная электросорбция;Ризванов Н.Г.;профессор;профессор;доктор химических наук;0;0;0;0;0
466;07;     7;;37.15.33;700000;Геомагнитные пульсации, связанные с импульсным возбуждением околоземных волноводов;Шамсутдинов М.А.;заведующий кафедрой;профессор;доктор физико-математических наук;0;0;0;0;0
250;07;    44;;30.19;560000;Построение варианта теории среды слож-ной структуры для расчета высокочастотных колебаний сложных механических систем;Соломоник В.Г.;заведующий кафедрой;профессор;доктор технических наук;0;0;0;0;0
251;07;    92;;30.19;560000;Разработка численно-аналитических методов расчета ударных волн в нелинейно- упругих средах;Станкевич А.И.;заведующий кафедрой;профессор;доктор физико-математических наук;0;0;0;0;0
255;07;    35;;30.17.02;400000;Моделирование нестационарных струйных течений и теплообмена для внутренних задач газовой динамики с использованием многопроцессорных ЭВМ;Буренин А.А.;доцент;доцент;кандидат технических наук;0;0;0;0;0
268;07;    57;;34.39;700000;Изучение роли эпифитной микрофлоры бурых водорослей в жизнеспособности макрофита-хозяина и сохранении прибрежной экосистемы Японского моря;Соломонов Б.Н.;доцент;;кандидат биологических наук;0;0;0;0;0
269;07;    36;;34.41;400000;Устойчивость растений к стрессорным факторам: исследование состояния воды методами ЯМР-микротомографии и распознавания образов;Дмитриева Г.Ю.;ведущий научный сотрудник;старший научный сотрудник;кандидат биологических наук;0;0;0;0;0
275;07;    57;;34.17.05,34.35.51;600000;Совершенствование методов оценки влияния загрязнений на фотоавтотрофное звено водных экосистем;Муравьева А.С.;доцент;доцент;кандидат биологических наук;0;0;0;0;0
293;07;    18;;31.15.21;400000;Молекуляpно-динамическое моделиpование стpуктуpы и свойств оксидных pасплавов в ионно-ковалентной модели;Игамбердиев А.У.;заведующий кафедрой;доцент;кандидат физико-математических наук;0;0;0;0;0
300;07;    77;;29.19.33;500000;К единой каpтине электpических и магнитных полей на pазличных узлах pешетки в кpисталлах YBa2Cu3O(7-d) и YBa2Cu4O8;Воронова Л.И.;профессор;профессор;доктор физико-математических наук;0;0;0;0;0
301;07;    57;;29.19;320000;Исследования ван-флековских парамагнетиков в высоких магнитных полях;Еремин М.В.;профессор;доцент;доктор физико-математических наук;0;0;0;0;0
305;07;    38;;30.19;480000;Исследование сложных неодномерных эффектов в неоднородно-напряженных твердых деформируемых телах, испытывающих термоупругие мартенситные превращения;Попов А.П.;ведущий научный сотрудник;старший научный сотрудник;доктор физико-математических наук;0;0;0;0;0
311;07;    92;;29.35.03;600000;Развитие мелкомасштабных неоднородностей в ионосферной плазме, возмущенной мощным наклонным радиоизлучением;Мовчан А.А.;заведующий кафедрой;старший научный сотрудник;доктор физико-математических наук;0;0;0;0;0
325;07;    57;;29.29;600000;Ориентационный порядок анизодиаметрических молекул в поверхностных слоях и на межфазных границах;Насыров А.М.;заведующий кафедрой;профессор;доктор технических наук;0;0;0;0;0
335;07;    54;;30.19,30.51;560000;Динамический хаос аэpоупpугих систем;Шухова Л.З.;профессор;профессор;доктор физико-математических наук;0;0;0;0;0
 50;07;    93;;29.35.03;600000;Разработка новых принципов диагностики ионосферных неоднородностей на основе применения сложных КВ-радиосигналов с различными видами модуляции;Поляков В.А.;заведующий кафедрой;профессор;доктор физико-математических наук;0;0;0;0;0
341;07;     6;;30.17;400000;Оптимальное управление гидрофизическими полями в сплошных средах;Алдошин Г.Т.;профессор;доцент;доктор физико-математических наук;0;0;0;0;0
348;07;    92;;30.19;400000;Математическое моделирование колебаний и динамической устойчивости анизотропных оболочек при распределенных и локализованных термосиловых воздействиях;Горшков А.Г.;профессор;профессор;доктор физико-математических наук;0;0;0;0;0
351;07;    71;;34.29;500000;Механизмы формирования поведения клеток эукариот;Гольд В.М.;доцент;старший научный сотрудник;кандидат биологических наук;0;0;0;0;0
336;07;    55;;30.51,43;320000;Задача гидроупругости крупных кровеносных сосудов;Ильгамов М.А.;заведующий кафедрой;профессор;доктор технических наук;0;0;0;0;0
377;07;    75;;30.17;400000;Управление нестационарными процессами в газоструйных течениях;Бабешко В.А.;заведующий кафедрой;профессор;доктор технических наук;0;0;0;0;0
379;07;    92;;30.19;320000;Влияние угла атаки твердых частиц на эрозионное разрушение при низких температурах;Лурье С.А.;заведующий кафедрой;доцент;кандидат технических наук;0;0;0;0;0
 51;07;    93;;34.29;400000;Флора города Находка (Приморский край);Ермаков Е.С.;доцент;доцент;кандидат биологических наук;0;0;0;0;0
391;07;   100;;27.39;320000;Системы Чебышева-Маркова в качественных методах анализа краевых задач;Карасев М.В.;заведующий кафедрой;профессор;доктор физико-математических наук;0;0;0;0;0
393;07;    71;;27.39;420000;Теория регулярных расширений полугрупп вполне положительных отображений в операторных алгебрах;Цих А.К.;профессор;доцент;доктор физико-математических наук;0;0;0;0;0
396;07;    93;;27.29,30.15;360000;Управление динамическими системами в условиях неопределенности;Муравей Л.А.;доцент;;кандидат физико-математических наук;0;0;0;0;0
412;07;    13;;29.05.29;400000;Проявление дибарионных резонансов в упругом рр-рассеянии;Аракелян С.М.;доцент;;кандидат физико-математических наук;0;0;0;0;0
450;07;     2;;29.35.03;700000;Экспериментальная установка для прецизионных измерений параметров неклассических состояний светового поля;Филатова О.В.;доцент;доцент;кандидат физико-математических наук;0;0;0;0;0
460;07;     7;;30.17;480000;Переходные слои в газодинамике;Пономарев О.А.;профессор;профессор;доктор физико-математических наук;0;0;0;0;0
470;07;    36;;30.17;480000;Диффузионное горение и детонация газокапельных смесей;Петренко В.С.;заведующий кафедрой;профессор;доктор технических наук;0;0;0;0;0
 13;07;    17;;31.15.03;500000;Проблемы устойчивости, реакционной способности и каталитической активности катионных p-комплексов Ni(I), находящихся в псевдовырожденном электронном состоянии;Волков В.И.;заведующий кафедрой;профессор;доктор химических наук;0;0;0;0;0
344;07;    36;;30.19;400000;Динамические процессы в тонкостенных конструкциях при действии высокоинтенсивных потоков энергии;Алексеев Г.В.;заведующий кафедрой;профессор;доктор физико-математических наук;0;0;0;0;0
 24;07;    92;;34.05;700000;Исследование системы аскорбиновой кислоты растений;Терентьева В.С.;профессор;профессор;доктор биологических наук;0;0;0;0;0
 58;07;    55;;31.21,31.21.17;700000;Исследование стереохимии гидроксифосфин-фосфиноксидной и гидроксифосфонат-фосфатной перегруппировок;Халиулин В.И.;заведующий кафедрой;профессор;доктор химических наук;0;0;0;0;0
 59;07;    80;;34.15;560000;Система полыней (Artemisia L.) Алтая;Чижевский В.Б.;профессор;старший научный сотрудник;доктор биологических наук;0;0;0;0;0
302;07;    57;;29.19.29;700000;Электронная структура и сверхпроводимость интеркалированных фуллеритов;Тагиров М.С.;доцент;доцент;кандидат физико-математических наук;0;0;0;0;0
328;07;    87;;37.15;400000;Исследование тонкой структуры магнитного поля Солнца и ее проявление в межпланетном магнитном поле;Иваницкий В.В.(СПб и-т);старший лаборант;;кандидат физико-математических наук;0;0;0;0;0
151;07;    51;;34.47;480000;Механизмы развития соматической полиплоидии у янтарки (Гастроподы: Пульмонаты);Синеговский С.И.;доцент;доцент;кандидат биологических наук;0;0;0;0;0
 62;07;    92;;31.21,31.21.17;600000;сравнительная реакционная способность производных двухкоординированного фосфора, содержащих P=C-cвязь, и фосфорилированных пи - систем;Молодцов Г.А.;профессор;член-корреспондент АН;доктор химических наук;0;0;0;0;0
 27;07;    97;;29.37;500000;Исследование дисперсии скорости звука в системе оболочка- жидкость акустомагнитным методом;Белопушкин В.И.;заведующий кафедрой;профессор;доктор физико-математических наук;0;0;0;0;0
 63;07;    41;;31.15;700000;Исследование релаксационных процессов адсорбции на электроде с неоднородной поверхностью;Шапин В.И.;ведущий научный сотрудник;;кандидат химических наук;0;0;0;0;0
 64;07;    41;;29.19.29;600000;Исследование параметров критического состояния высокотемпературных сверхпроводников методом ЭПР примесных ионов;Нуждин В.Н.;ведущий научный сотрудник;старший научный сотрудник;кандидат физико-математических наук;0;0;0;0;0
289;07;    71;;34.37;500000;Механизмы биохимической адаптации окислительных систем растений к стрессовым факторам;Белоног Н.П.;профессор;профессор;;0;0;0;0;0
 11;07;    40;;34.23.35;320000;Внутрипопуляционный полиморфизм дикорастущих видов ржи в связи с систематикой и филогенией рода Secale;Исаев В.А.;доцент;доцент;кандидат биологических наук;0;0;0;0;0
 65;07;    57;;34.25;400000;Исследование биохимических аспектов экологической обособленности бесцветных серобактерий;Куркин И.Н.;доцент;доцент;;0;0;0;0;0
361;07;    57;;29.17;400000;Описание свойств классических жидкостей методом функционального интегрирования в гауссовом эквивалентном представлении;Котов Н.В.;профессор;профессор;доктор физико-математических наук;0;0;0;0;0
256;07;    45;;31.15;400000;Калориметрическое изучение состояния и стабильности белковых препаратов в органических растворителях;Кисаров Ю.Ф.;заведующий лабораторией;профессор;доктор химических наук;0;0;0;0;0
136;07;    75;;31.15;500000;Физико-химические закономерности в изменении электронно-оптических свойств структурно-модифицированных металлфталоцианинов и родственных соединений;Березина Н.П.;заведующий кафедрой;доцент;кандидат химических наук;0;0;0;0;0
 71;07;    34;;31.17;400000;Устойчивость и лабильность гетеролигандных комплексов меди(II), кобальта(II) и никеля(II) с аминокислотами и аденозин-5'-трифосфорной кислотой;Исмаилов Т.А.;заведующий лабораторией;старший научный сотрудник;доктор химических наук;0;0;0;0;0
  8;07;    18;;29.35.17;700000;Исследование явления нарушения вероятностной симметрии в точках бифуркаций применительно к задачам восстановления поведения нестационарных динамических систем;Трифонов А.П.;доцент;доцент;кандидат физико-математических наук;0;0;0;0;0
 73;07;    34;;34.35.33,34.05.25;320000;Изучение сезонных и суточных ритмов основных характеристик трофических взаимоотношений фито- и зоопланктона;Исмаилов Т.А.;доцент;доцент;кандидат биологических наук;0;0;0;0;0
 32;07;    92;;29.17;400000;СТАТИСТИЧЕСКИЕ СВОЙСТВА ПАМЯТИ В КОНДЕНСИРОВАННЫХ СРЕДАХ;Исаченков А.Е.;ведущий научный сотрудник;профессор;доктор физико-математических наук;0;0;0;0;0
 32;08;    71;;55.47,55.49;400000;Разработка научных и практических основ прогнозирования новейших и перспективных технологических процессов формообразования пластическим деформированием деталей аэрокосмической техники.;Лопатин В.Н.;начальник лаборатории;академик;доктор технических наук;0;0;0;0;0
 79;08;    80;;55.47;600000;Автоматизированная система  синтеза и анализа преобразователей энергии с постоянными магнитами для автономных систем ЛА в установившихся и пусковых режимах.;Никифоров Б.А.;профессор;профессор;доктор технических наук;0;0;0;0;0
 80;08;    41;;55.47,55.49;700000;Создание технологии и технических средств формообразования, правки, калибровски с электроконтактным нагревом кольцевых заготовок из листовых материалов.;Щелыкалов Ю.Я.;старший научный сотрудник;;кандидат технических наук;0;0;0;0;0
  9;08;    14;;55.49;400000;Исследование влияния холодной пластической деформации и термической обработки на структуру и свойства конструкционных и специальных сплавов титана.;Колодий А.М.;доцент;доцент;кандидат технических наук;0;0;0;0;0
 36;08;    76;;55.47.13,27.43.17;600000;Статистические исследования информационных технологий производства изделей авиакосмической техники.;Рыжков Ю.А.;заведующий кафедрой;профессор;доктор технических наук;0;0;0;0;0
 37;08;    35;;55.47,55.49;700000;Изучение свойств новых композиционных материалов с базальтовым наполнителем, разработка технологий их применения в конструкциях сверхлегких летательных аппаратов.;Фрисман Е.Я.;старший преподаватель;;кандидат технических наук;0;0;0;0;0
 38;08;    55;;55.47.13,55.49;700000;Основы теории и расчета  процессов гибки - навивки тонкостенных деталей из биматериалов.;Шапаев И.И.;профессор;профессор;доктор технических наук;0;0;0;0;0
 39;08;   100;;55.20,55.47;600000;Разработка методики расчетов профилей катодов-инструментов и обрабатываемых поверхностей при электрохимическом формообразовании с учетом обрабатываемости материалов.;Петров В.С.;заведующий кафедрой;член-корреспондент АН;доктор технических наук;0;0;0;0;0
 74;08;    96;;55.47.13;400000;Аналитическое и машинное проетирование технологических процессов формообразования сложных деталей.;Кохан Л.С.;доцент;доцент;кандидат технических наук;0;0;0;0;0
 31;08;     4;;55.47,55.49;600000;Разработка научных и практических основ сооздания и производства сверхлегких деталей и агрегатов летательных аппаратов на абзе применения высокожестких структур слоистых металло-композитных конструкци;Сабуров Э.Н.;докторант;доцент;кандидат технических наук;0;0;0;0;0
 43;08;    92;;55.47,55.49;700000;Разработка научных основ и процессов получения высококачественных литых титановых изделий с модифицированной структурой в восстановительной атмосфере водорода и газостатированием пластифицированного в;Станкевич А.И.;доцент;доцент;кандидат технических наук;0;0;0;0;0
 35;08;    77;;55.47,55.49;500000;Развитие системы программного обеспечения проектирования катода-инструмента и расчета формообразования для размерной  электрохимической обработки деталей.;Бухтояров О.И.;заведующий кафедрой;профессор;доктор физико-математических наук;0;0;0;0;0
  5;08;    80;;55.47,55.49;700000;Разработка статистических методов контроля качества технологических процессов по критериям статической и циклической прочности.;Чижевский В.Б.;заведующий кафедрой;профессор;доктор технических наук;0;0;0;0;0
 23;08;    51;;55.47,55.49;500000;Разработка теоретических основ создания защитных покрытий на типовые теплонагруженные элементы конструкций авиации.;Агарышев А.И.;профессор;профессор;доктор технических наук;0;0;0;0;0
 56;08;    80;;55.09.43,55.13;700000;Разработка методики и датчиков непрерывного комплексного контроля технологических параметров процесса изготовления крупногабаритных авиакосмических конструкций из полимерных композиционных материалов.;Сысоев Н.П.;доцент;доцент;кандидат технических наук;0;0;0;0;0
 57;08;    93;;55.47.13;400000;Разработка и технологии изготовления легкого складчатого заполнителя для многослойных панелей двойной кривизны.;Козлов Н.А.;доцент;доцент;кандидат технических наук;0;0;0;0;0
 58;08;    36;;55.47,55.49;500000;Разработка научных основ технологии упрочнения резьбовых соединений термовибрационной обработкой.;Высоцкий В.И.;заведующий кафедрой;профессор;доктор технических наук;0;0;0;0;0
 25;08;    57;;55.47.13,55.49.13;600000;Проектирование оснастки для процесса производства листов из волокнистых композиционных материалов методом горячей однопроходной прокатки.;Насыров А.М.;доцент;доцент;кандидат технических наук;0;0;0;0;0
 62;08;    51;;55.47;400000;Разработка и исследование интеллектуальных композиционных материалов.;Корольков А.Т.;профессор;профессор;доктор технических наук;0;0;0;0;0
 63;08;    80;;55.47;600000;Разработка теоретических основ создания (включая технологические приемы) современных композитных материалов с повышенной прочностью и трещиностойкостью,учитывающих процессы накопления рассеянных повре;Селиванов И.А.;ведущий научный сотрудник;старший научный сотрудник;доктор технических наук;0;0;0;0;0
 64;08;    11;;55.47;500000;Разработка и создание двухматричного волокнистого композиционного материала.;Горленко О.А.;заведующий кафедрой;профессор;доктор технических наук;0;0;0;0;0
  7;08;    13;;55.47,55.49;600000;Моделирование и оптимизация параметров процесса синтеза композиционных подшипников скольжения.;Панфилов А.В.;старший научный сотрудник;старший научный сотрудник;кандидат технических наук;0;0;0;0;0
 66;08;    55;;55.47,55.49;500000;Полиимидные композиционные материалы многофункционвльного назначения с высокой трещиностойкостью и термоустойчивостью до 400 С.;Даутов О.Ш.;доцент;доцент;кандидат технических наук;0;0;0;0;0
 29;08;    58;;55.47,55.49;500000;Математическое моделирование технологических процессов формообразования деталей.;Герасимов В.В.;профессор;профессор;доктор физико-математических наук;0;0;0;0;0
 69;08;    93;;55.47,55.49;600000;Разработка теоретических основ получения многослойных композиционных материалов с помощью комплексных технологий.;Неуструев А.А.;заведующий кафедрой;профессор;доктор технических наук;0;0;0;0;0
 48;08;    55;;55.47,55.49;500000;Оптимизация технологий поверхностного упрочнения методом кинетической микротвердости.;Агишев Р.Р.;декан;профессор;доктор физико-математических наук;0;0;0;0;0
 15;08;    11;;55.47.81;700000;Упреждение и предотвращение отказов сложных изделий машиностроения в процессе эксплуатации.;Стешков А.Е.;доцент;доцент;кандидат технических наук;0;0;0;0;0
 32;09;    57;;55.63.01;700000;Разработка теоретических основ пищевой биотехнологии на базе специфических эффектов взаимодействия ЭМП микроволнового диапазона с биообъектом обработки;Юльметьев Р.М.;заведующий отделом;;кандидат технических наук;0;0;0;0;0
 20;09;    18;;55.57,55.57.01;700000;Новое явление при автоматической балансировке роторов сельскохозяйственных машин;Трифонов А.П.;проректор;профессор;доктор технических наук;0;0;0;0;0
 16;09;    93;;55.57,55.57.43;200000;Вакуумная машина для мойки легкоповреждаемой сельскохозяйственной продукции: ягод, фруктов, яиц;Ковалев Ф.И.;заведующий кафедрой;профессор;доктор технических наук;0;0;0;0;0
  4;09;    66;;55.57,55.57.01;350000;Разработка основ автоматизированного проектирования несущих конструкций сельскохозяйсвенных машин;Сумин В.В.;заведующий кафедрой;профессор;доктор технических наук;0;0;0;0;0
 11;09;    61;;55.57,55.57.31;400000;Теоретические основы технологического процесса и создание комбинированного агрегата для глубокой обработки почвы без оборота пласта;Лиджиева Н.Ц.;профессор;профессор;доктор технических наук;0;0;0;0;0
 17;09;    38;;55.57,55.57.43;500000;Весовое устройство автомобильного кормораздатчика;Алексейчик М.И.;доцент;доцент;кандидат технических наук;0;0;0;0;0
  7;09;    80;;55.57,55.57.01;600000;Теоретические основы вибродиагностики как элемента изготовления ротационных узлов сельскохозяйственных машин.;Селиванов В.Н.;доцент;доцент;кандидат технических наук;0;0;0;0;0
 23;09;     8;;55.63.01;600000;Теоретические основы создания вибрационного и волнового смесительно-прессующего оборудования для пищевой промышленности;Рубанов В.Г.;заведующий кафедрой;профессор;доктор технических наук;0;0;0;0;0
 30;09;    92;;55.63.01;700000;Теоретические основы создания высокопроизводительного лазерного оборудования для контроля технологических процессов в молочной промышленности;Шалашилин В.И.;доцент;старший научный сотрудник;кандидат технических наук;0;0;0;0;0
 22;09;    21;;55.63.01;400000;Теория и практика продуктов лечебно-профилактического и специального назначения на основе рационального использования вторичного сырья мясной и прицеперерабатывающей промышленности;Львович Я.Е.;заведующий кафедрой;профессор;доктор технических наук;0;0;0;0;0
 14;09;    97;;55.57,55.57.39;500000;Математическое моделиpование пpомышленной технологии консеpвации зеpна в потоке паpогазовой сpеды;Анпилогов Ю.Г.;профессор;профессор;доктор химических наук;0;0;0;0;0
 27;09;    78;;55.63.01;600000;Новые подходы к проблеме контроля качества продуктов масложировой промышленности на основе электрометрических методов анализа;Полунин В.М.;заведующий кафедрой;профессор;доктор химических наук;0;0;0;0;0
 15;09;    92;;55.57,55.57.41;700000;Расширение функциональных и эксплуатационных возможностей погрузочных и транспортных средств применяемых в сельском хозяйстве;Тихонов В.А.;доцент;доцент;кандидат технических наук;0;0;0;0;0
 31;09;    18;;55.63.01;600000;Исследование процесса теплообмена при СВЧ-обработке пищевых продуктов и разработка методики расчета температурно-временных характеристик;Овсянников В.Д.;доцент;доцент;доктор технических наук;0;0;0;0;0
 21;09;    60;;55.63.01;700000;Многофункциональные многопрофильные электромеханические пpеобpазователи для пищевой пpомышленности;Фунтиков В.А.;заведующий кафедрой;профессор;доктор технических наук;0;0;0;0;0
 10;10;    10;;27.33;600000;Исследование асимптотических свойст решений интегральных уравнений и неравенств с отклоняющимся аргументом;Мазаник А.В.;ассистент;;кандидат физико-математических наук;0;0;0;0;0
  3;10;    71;;27.47;250000;Семантическое программирование и сигма-машина;Громовых Т.И.;доцент;доцент;кандидат физико-математических наук;0;0;0;0;0
 17;10;    10;;27.17;500000;Решетки квазимногообразий групп и решеточно упорядоченных групп;Даниленко Л.В.;заведующий кафедрой;профессор;доктор физико-математических наук;0;0;0;0;0
 32;10;    89;;27.03;600000;Иерархии REA- и n-рекурсивно перечислимых степеней. Структурная теория;Малютин А.Ф.;заведующий кафедрой;профессор;доктор физико-математических наук;0;0;0;0;0
 41;10;    33;;27.47;600000;Кубатурные формулы для периодических функций;Назаралиев М.А.;заведующий кафедрой;профессор;доктор физико-математических наук;0;0;0;0;0
 21;10;    70;;27.31,27.35;500000;Весовые функциональные пpостpанства и неклассические уpавнения математической физики;Гайтов Б.Х.;заведующий кафедрой;профессор;доктор физико-математических наук;0;0;0;0;0
 19;10;     2;;27.17.31,27.19.17;400000;Теория размерности малых категорий и упорядоченных множеств;Кайгородова Н.З.;доцент;;кандидат физико-математических наук;0;0;0;0;0
 47;10;    51;;27.45.17;600000;Исследование векторных задач на графах. Разрешимость, сложность алгоритмы;Сизых А.И.;заведующий кафедрой;профессор;доктор физико-математических наук;0;0;0;0;0
 40;10;    55;;27.35.47;400000;Исследования по теории и приложениям метода Монте-Карло в моделях переноса излучений;Каримов А.Х.;заведующий кафедрой;профессор;доктор физико-математических наук;0;0;0;0;0
 13;10;    69;;27.03.19;700000;нестандартные логики и их приложения к компьютер сайенс;Титунин А.А.;заведующий кафедрой;профессор;доктор физико-математических наук;0;0;0;0;0
  7;10;    38;;27.31;700000;"Исследование разрешимости ""в целом"" начально-краевых задач для уравнений Навье-Стокса сжимаемой вязкой жидкости";Фокин В.А.;доцент;доцент;кандидат физико-математических наук;0;0;0;0;0
 35;10;    96;;27.47;400000;Метод обобщенных характеристических функций в задачах анализа нелинейных стохастических систем;Кудрин В.А.;заведующий кафедрой;профессор;доктор технических наук;0;0;0;0;0
  4;10;    38;;27.17.33;700000;Экзотические структуры Ходжа и l-адические представления;Спиченков В.В.;профессор;профессор;доктор физико-математических наук;0;0;0;0;0
 26;10;    93;;27.31;500000;решение обратных задач математической физики методами оптимального управления;Галкин В.И.;декан;профессор;доктор физико-математических наук;0;0;0;0;0
 49;10;    94;;27.31;500000;Исследование качественных свойств решений эллиптических и параболических задач;Алехин В.П.;;профессор;доктор физико-математических наук;0;0;0;0;0
 44;10;    93;;27.35;600000;Исследование вариационных неравенств, моделирующих динамическое деформирование упрочняющихся упругопластических тел;Надежин А.М.;доцент;старший научный сотрудник;кандидат физико-математических наук;0;0;0;0;0
 28;10;    94;;27.17;700000;Группы с конечными элементами и связанные с ними алгебры;Таратынов О.В.;доцент;доцент;кандидат физико-математических наук;0;0;0;0;0
 15;10;    93;;27.35;400000;Проблема различимости объектов в рентгеновской томографии;Ковалев Ф.И.;заведующий кафедрой;профессор;доктор физико-математических наук;0;0;0;0;0
 30;10;    93;;27.31;600000;Корректность и аппроксимация обратных задач для уравнений в частных производных;Могильная Т.Ю.;декан;профессор;доктор физико-математических наук;0;0;0;0;0
 75;11;     7;;47.45;400000;Разработка принципов построения и алгоритмов расчета нового класса совмещенных в одном раскрыве многочастотных многодиапазонных антенных решеток;Кузяхметов Г.Г.;профессор;профессор;доктор технических наук;0;0;0;0;0
  1;11;    18;;47.03,47.13.05;200000;Физика переходных процессов в мощных высоковольтных биполярных транзисторах с изолированным затвором ( БТИЗ );Иванов Б.К.;заведующий кафедрой;профессор;доктор технических наук;0;0;0;0;0
 87;11;    57;;47.63;400000;Разработка основ теории, принципов построения и алгоритмического обеспечения изделий радиоэлектронной аппаратуры на основе приборов с зарядовой связью;Коновалов А.И.;заведующий кафедрой;профессор;доктор технических наук;0;0;0;0;0
 48;11;     6;;47.09.33;700000;Исследование свойств многослойных структур на основе сверхтонких углеродных пленок;Фрадков А.Л.;доцент;доцент;кандидат технических наук;0;0;0;0;0
 52;11;    13;;47.09.29;600000;Разработка и исследование методики контроля напряженно-деформированного состояния материалов чувствительных элементов с помощью голографической интерферометрии;Рябов Р.А.;заведующий кафедрой;профессор;доктор технических наук;0;0;0;0;0
 66;11;    80;;47.45;400000;РАЗРАБОТКА МЕТОДА ПРОЕКТИРОВАНИЯ АНТЕНН С УЧЕТОМ УСЛОВИЙ ИХ РАЗМЕЩЕНИЯ;Денисов П.И.;профессор;доцент;доктор технических наук;0;0;0;0;0
 14;11;    20;;47.03;600000;Развитие физико-математической модели БИСПИН-прибора;Петровский В.С.;доцент;доцент;кандидат технических наук;0;0;0;0;0
 61;11;    92;;47.29;700000;Селекция волн в псевдопериодических волноводах и замедляющих системах;Сосулин Ю.Г.;заведующий кафедрой;профессор;доктор физико-математических наук;0;0;0;0;0
 12;11;    92;;47.03,47.03.05;400000;Разработка научных основ обработки хрупких материалов электроники и радиотехники лучом лазера;Захаров С.И.;доцент;;кандидат технических наук;0;0;0;0;0
 39;11;    55;;47.09.29;375000;"""Paзpaбoткa нoвoй кинeтичecкoй мoдeли тexнoлoгии диффузиoннoгo нacыщeния киcлopoдoм выcoкoтeмпepaтуpныx cвepxпpoвoдящиx мaтepиaлoв типa 123""";Ахмеров А.Ф.;доцент;доцент;кандидат технических наук;0;0;0;0;0
 50;11;    82;;47.09.29,47.09.31;400000;Релаксационная поляризация и электретный эффект в твердых диэлектриках;Иванов В.А.;заведующий кафедрой;доцент;кандидат физико-математических наук;0;0;0;0;0
 55;11;    35;;47.09.33;600000;Исследование процесса легирования полупроводниковых материалов под действием релятивистских электронных пучков;Полтавцев О.В.;заведующий кафедрой;доцент;доктор физико-математических наук;0;0;0;0;0
 37;11;    53;;47.09.31;700000;Кинетика и механизм процессов формирования многокомпонентных диэлектрических слоев термическим окислением GaAs и InP под воздействием соединений-активаторов;Тимофеева С.С.;профессор;профессор;доктор химических наук;0;0;0;0;0
 53;11;   100;;47.09;450000;Развитие среды имитационного (Монте-Карло) моделирования переноса излучений и сопутствующего их воздействия на чувствительные и конструкционные материалы электронной техники;Попов В.К.;доцент;старший научный сотрудник;кандидат физико-математических наук;0;0;0;0;0
 20;11;    23;;47.01;500000;Разработка теоретических и тенологических основ создания микроэлектронных резонаторова с заданными физико-механическими свойствами;Артюнин А.И.;профессор;профессор;доктор технических наук;0;0;0;0;0
 84;11;    42;;47.05.05,47;600000;"Электро-тепловое проектирование мощных ""интеллектуальных"" интегральных микросхем";Свечина Н.Н.;заведующий кафедрой;профессор;доктор технических наук;0;0;0;0;0
 71;11;    76;;47.39;600000;Исследование, разработка и создание высокоэффективных термоэлектрических полупроводниковых систем для теплоотвода и термостабилизации импульсных источников с высокими тепловыделениями.;Раскин В.Г.;заведующий кафедрой;академик;доктор технических наук;0;0;0;0;0
 18;12;    93;;52.13.17;500000;Создание природосберегающих технологий дражной разработки россыпей;Васильев В.А.;профессор;профессор;доктор технических наук;0;0;0;0;0
 16;12;     2;;52.13.15,52.13.17;700000;Разработка технологий добычи угля модульного типа применительно к горно-геологическим условиям залегания крутых пластов;Чемерис М.М.;старший научный сотрудник;старший научный сотрудник;кандидат технических наук;0;0;0;0;0
 35;12;    92;;52.13.25;600000;Геомеханическое обеспечение адаптивной техно-логии отpаботки соляных местоpождений камеpно-столбовыми сис-темами;Семенов В.В.;профессор;профессор;доктор технических наук;0;0;0;0;0
 10;12;     1;;52.13.15;600000;Буроштрековый способ подземной разработки угольных пластов;Никоноров Ю.Г.;профессор;профессор;доктор технических наук;0;0;0;0;0
  3;12;    51;;52.45.03;300000;Обоснование и создание малооперационной ресурсосберегающей глубокой переработки вольфрамового концентрата в целевой продукт;Манцивода А.В.;заведующий кафедрой;профессор;доктор технических наук;0;0;0;0;0
 47;12;    63;;52.01.84;600000;Исследование влияния различных нормативных погрешностей и допущений на безопасность и экономичность систем электрснабжения угольных шахт;Перепелица В.А.;ректор;профессор;доктор технических наук;0;0;0;0;0
 41;12;    74;;52.13.27;600000;Обоснование,выбор параметров и разработка агрегированных инструментов исполнительных органов буровых станков для сложных горно-геологических условий.;Носков М.В.;заведующий кафедрой;профессор;доктор технических наук;0;0;0;0;0
 43;12;   100;;52.13.27;500000;Обоснование способов повышения управляемости очистных автоматизированных комплексов и агрегатов и разработка средств направленного их передвижения по пласту полезного ископаемого;Бондаренко Г.Г.;профессор;профессор;доктор технических наук;0;0;0;0;0
 19;12;    88;;52.13.15,52.13.17;400000;Обоснование и разработка новой технологии добычи каменных блоков, основанной на комбинированном расколе массива горных пород с использованием мягкого взрывания и невзрывных разрушающих средств;Леончик Б.И.;проректор;профессор;доктор технических наук;0;0;0;0;0
  4;12;    93;;52.45.03;400000;Комплекс аппаратов для извлечения и концентрации золота, тяжелых металлов, минералов;Ильин А.А.;заведующий кафедрой;профессор;доктор технических наук;0;0;0;0;0
 36;12;    77;;52.13;500000;Прогнозирование опасных динамических явлений при разработке угольных месторождений Ерунаковского геолого-экономического района Кузнецкого бассейна.;Воронова Л.И.;профессор;профессор;доктор технических наук;0;0;0;0;0
  8;12;    38;;52.45.03;700000;Разработка теоретических основ межфазовых взаимодействий флотационной системы жидкость-твердое-газ в акустическом поле;Шугай К.К.;доцент;доцент;кандидат технических наук;0;0;0;0;0
 26;12;     4;;52;700000;Разработка;Турышев В.Г.;;;;0;0;0;0;0
 45;12;    71;;52.01.83;600000;Повышение надежности и качества функционирования экскаваторов на карьерах Севера за счет рациональной организации ремонта техники и снижения вероятности хрупких разрушений базовых узлов машин;Садовский В.М.;декан;профессор;доктор технических наук;0;0;0;0;0
 17;12;     2;;52.13.15;500000;Разработка теории переноса динамически активных газов в шахтах с целью создания способов и средств повышения аэрологической безопасности горных работ;Будкин А.И.;заведующий кафедрой;профессор;доктор технических наук;0;0;0;0;0
  5;12;    82;;52.45.03;700000;Физико-химические основы создания ресурсосберегающей  технологии флотации труднообогатимых графитовых руд;Яковлев А.С.;заведующий кафедрой;профессор;доктор технических наук;0;0;0;0;0
 13;12;    71;;52.35.29;600000;Обоснование и разработка технологии извлечения метана из вентиляционных струй шахт с использованием сорбентов;Рыбаков В.В.;ведущий научный сотрудник;старший научный сотрудник;кандидат технических наук;0;0;0;0;0
  9;12;    13;;52.13.15;500000;Создание новых технологий и систем подземной разработки маломощных золоторудных полого и наклоннозалегающих месторождений с целью обеспечения их эффективной эксплуатации;Бутковский О.Я.;заведующий кафедрой;профессор;доктор технических наук;0;0;0;0;0
 48;12;   100;;52.01.85;600000;Обоснования и разработки технологических схем и технических средств реализации высоких эксплуатационных показателей работы очистного, проходческого и бурового оборудования;Мироненко Л.С.;профессор;доцент;доктор технических наук;0;0;0;0;0
 21;12;    18;;52;500000;Разработка;Глушко В.П.;;;;0;0;0;0;0
  1;13;    18;;38.33.15,17;225000;Петролого-геохимическая модель формирования главных типов гранитов (на примере Урала);Попцов В.С.;заведующий кафедрой;профессор;доктор геолого-минералогич. наук;0;0;0;0;0
 34;13;    93;;38.57.23;450000;Влияние магнитной прницаемости на результаты электро-магнитных зондирований;Мамонов А.М.;профессор;доцент;кандидат технических наук;0;0;0;0;0
  4;13;    73;;38.57.17;375000;Экономическая оптимизация разведки рудных месторождений.;Верхатуров М.В.;профессор;доцент;кандидат геолого-минералогич. наук;0;0;0;0;0
 67;13;    93;;38.59.15;450000;Исследование буровых процессов с целью разработки качественной и ресурсосберегающей технологии для их реализации;Михайлин Ю.А.;профессор;профессор;доктор технических наук;0;0;0;0;0
 48;13;    76;;38.33.17;450000;Модель для расчета рудоотложения из смешанного флюида:учет изменения диэлектрической проницаемости;Маметьев Л.Е.;заведующий кафедрой;доцент;доктор химических наук;0;0;0;0;0
 47;13;     9;;38.37.21;400000;Петрология и геодинамика метаморфических поясов юга Сибирской платформы;Иванов А.В.;декан;профессор;кандидат геолого-минералогич. наук;0;0;0;0;0
 23;13;    92;;38.17.91;300000;Типизация и ранжирование новейших структур внутриконтинентальных орогенных областей (на примере Урала);Квасников Л.А.;доцент;доцент;кандидат геолого-минералогич. наук;0;0;0;0;0
 10;13;    76;;38.57.15,38.57.17;400000;Исследование устойчивости фундаментальных свойств структурной организации рудогенных систем как основы эффективной технологии многоуровневого прогнозирования оруденения;Егошин В.В.;заведующий кафедрой;профессор;доктор геолого-минералогич. наук;0;0;0;0;0
 14;13;   100;;38.57.15;400000;Геодинамическая модель нефтегазообразования в литосфере;Лысенко А.П.;заведующий кафедрой;профессор;доктор геолого-минералогич. наук;0;0;0;0;0
 35;13;    97;;38.57.25;375000;Разработка петрофизической модели магнитной восприимчивости поровых и порово-трещинных коллекторов;Баклашов И.В.;доцент;доцент;кандидат геолого-минералогич. наук;0;0;0;0;0
 22;13;    22;;38.17.15;375000;Геодинамические обстановки возникновения и условия развития раннедокембрийских зеленокаменных поясов;Антипова Л.В.;доцент;доцент;кандидат геолого-минералогич. наук;0;0;0;0;0
 59;13;     2;;38.63.17,38.63.51;400000;Типизация оползневых склонов и прогноз их устойчивости на основе анализа на основе анализа напряженного состояния (на примере Волгограда);Куприянов А.Н.;заведующий кафедрой;профессор;доктор геолого-минералогич. наук;0;0;0;0;0
 58;13;    55;;38.61;400000;Исследование региональных закономерностей изменения гидрогеохимиечких структур в экологически напряженных районах Восточной Сибири;Катаев Ю.П.;доцент;доцент;кандидат геолого-минералогич. наук;0;0;0;0;0
  7;13;     2;;38.49.19;375000;Геолого-генетическая модель формирования эндогенных уран-золоторудных месторождений;Вайгант В.А.;заведующий кафедрой;профессор;доктор геолого-минералогич. наук;0;0;0;0;0
 11;13;    20;;38.49;400000;Золотоносность кор выветривания и отложений палеокарста Енисейского кряжа;Курьянов В.К.;заведующий кафедрой;профессор;доктор геолого-минералогич. наук;0;0;0;0;0
 20;13;   100;;38.29.21;300000;Точка глобального стратотипа границы перми и триаса в континентальных сериях;Карцев Е.А.;профессор;профессор;доктор геолого-минералогич. наук;0;0;0;0;0
 72;13;    57;;38.15.17,38.29;400000;Стратиграфия кайнозойских отложений Сибири по фауне мелких млекопитающих;Захаров А.В.;профессор;доцент;доктор геолого-минералогич. наук;0;0;0;0;0
 61;13;   100;;38.59.15,38.59;700000;Разработка научных основ, технологии и технических средств управления направлением и кривизной скважин с приложением к породоразрушающему инструменту внецентренных ударных импульсов.;Солнцев В.А.;доцент;доцент;кандидат технических наук;0;0;0;0;0
 49;13;    93;;38.37.17;400000;Акустические исследования неоднородности геостатических давлений;Кондратьев В.А.;заведующий кафедрой;профессор;доктор физико-математических наук;0;0;0;0;0
 28;13;    45;;38.57.23,38.57.25;500000;Экспериментальные измерения вертикального градиента силы тяжести с целью разработки;Абрамов И.В.;заведующий кафедрой;профессор;доктор геолого-минералогич. наук;0;0;0;0;0
 22;14;    90;;59.14.29;320000;Методы, алгоритмы и устройства оценки структурной радиолокационной информации;Корсаков А.К.;доцент;доцент;кандидат технических наук;0;0;0;0;0
 92;14;    66;;59.13.21;400000;Исследование воздействия лазерного излучения на процессы массопереноса веществ в пористых и биологических структурах и разработка оборудования и технологии интенсификации данных процессов;Вихарев А.П.;заведующий лабораторией;;;0;0;0;0;0
 95;14;    11;;59.01.85;560000;Разработка принципов построения гибких производственных систем сборки электронных блоков в приборостроении;Суслов А.Г.;профессор;доцент;кандидат технических наук;0;0;0;0;0
 24;14;    38;;59.14.29;560000;Теория систем с накопителями энергии и ее применение в системах управления парашютами;Тугенгольд А.К.;доцент;доцент;кандидат технических наук;0;0;0;0;0
 61;14;    53;;59.13.19,59.14.29;480000;Математическое моделирование сердечно-сосудистой системы в экстремальных ситуациях;Нескоромных В.В.;доцент;доцент;кандидат технических наук;0;0;0;0;0
 37;14;    55;;59.14.29,59.35;400000;Метод и автоматизированная система для биотестирования химических воздействий;Адгамов Р.И.;декан;профессор;доктор технических наук;0;0;0;0;0
 34;14;    90;;59.41;320000;Исследование закономерностей формирования дифракционного спектра для разработки метода контроля качества элементов топологии субмикрометрового диапазона;Доброхотова И.А.;доцент;доцент;кандидат технических наук;0;0;0;0;0
 32;14;    53;;59.41;560000;"Экспресс-метод определения оптических констант, размеров и концентраций ""мягких"" поглощающих частиц в области полосы просветления";Степанов В.С.;проректор;профессор;доктор физико-математических наук;0;0;0;0;0
 14;14;    28;;59.14.29;400000;Использование методов искусственного интеллекта и адаптации в технической диагностике навигационных систем;Гаврилов В.П.;докторант;профессор;доктор технических наук;0;0;0;0;0
 97;14;    94;;59.14.29;560000;Исследование светогидравлического эффекта для стериализации медицинского инструмента и разработка принципов построения оборудования на этом эффекте;Скопинский В.Н.;доцент;доцент;кандидат технических наук;0;0;0;0;0
 85;14;    79;;59.41;400000;Семейство приборов для лазерной и некогерентной фотометрии;Авдиенко К.И.;доцент;доцент;доктор физико-математических наук;0;0;0;0;0
 63;14;    92;;59.13.19,59.14.29;320000;Разpаботка методов и аппаpатуpных сpедств для вибpодиагностики функционального состояния опоpно-двигательной системы человека;Лурье С.А.;профессор;профессор;кандидат технических наук;0;0;0;0;0
 72;14;    53;;59.13.19;480000;Разработка метода функциональной диагностики дыхательной системы человека с использованием жидких кристаллов;Покатилов А.Г.;старший научный сотрудник;старший научный сотрудник;кандидат физико-математических наук;0;0;0;0;0
 93;14;    51;;59.01.81,59.13.21;320000;Многофункциональная диагностика интегрированного производства деталей приборов;Кравцова Л.С.;проректор;профессор;доктор технических наук;0;0;0;0;0
 94;14;    38;;59.13.19;480000;Научные основы создания прогрессивных и высокоэффективных технологических методов изготовления резьбовых соединений в приборостроении;Рыжкин А.А.;заведующий кафедрой;профессор;доктор технических наук;0;0;0;0;0
 45;14;    53;;59.14.29,59.35;480000;Экспрессный оптический мониторинг водных экосистем;Махно Д.Е.;старший научный сотрудник;старший научный сотрудник;кандидат технических наук;0;0;0;0;0
101;14;    55;;59.13.21;560000;Разработка системы комплексной диагностики гладких поверхностей и малоразмерных композиций для оптики и микроэлектроники;Ференц В.А.;профессор;профессор;;0;0;0;0;0
102;14;    78;;59.13.13,59.13.15;320000;Разработка научных основ модификации поверхности прецизионных деталей приборов концентрированными потоками высоких энергий;Захаров И.С.;доцент;доцент;кандидат физико-математических наук;0;0;0;0;0
 58;14;    53;;59.29.71;560000;Математическое моделирование и структурный синтез аналоговых и цифровых адаптивных фильтров инфранизкочастотных электрических сигналов;Тугарина М.А.;профессор;профессор;доктор технических наук;0;0;0;0;0
 69;14;    16;;59.13.19,59.14.29;560000;Разработка методик диагностики и алгоритмов коррекции функционального состояния желудочно-кишечного тракта у больных в ранние послеоперационные сроки;Трыков Ю.П.;заведующий кафедрой;профессор;кандидат технических наук;0;0;0;0;0
 20;14;    90;;59.14.29;320000;Разработка научных основ синтеза баз знаний и экспериментальных систем при построении микропроцессорных систем комплексной обработки информации;Лозовский В.Р.;профессор;доцент;доктор технических наук;0;0;0;0;0
 17;14;    97;;59.14.29;560000;Разработка основ теории и методов проектирования информационно-управляющих систем обеспечения безопасности полета в особых ситуациях;Ушаков К.З.;доцент;доцент;кандидат технических наук;0;0;0;0;0
 10;14;    53;;59.14.29;560000;Формирование облика системы принятия решений нейросетевого типа по управлению подвижными обьектами в условиях конфликтных ситуаций;Филонюк В.А.;заведующий кафедрой;профессор;доктор технических наук;0;0;0;0;0
 35;15;    90;;53.03.07;500000;Исследование структуры бинарных оксид-но-фторидных расплавов комплексным методом, объединяющим квантовохимический анализ и молекулярно-статистическое моде-лирование методом Монте-Карло;Билибин С.И.;проректор;профессор;доктор химических наук;0;0;0;0;0
 29;15;    18;;53.01.91;300000;Использование железо- и кремнеземсодержащих отходов промышленности для изготовления материалов строительного назначения;Антонов Ю.В.;заведующий кафедрой;профессор;доктор технических наук;0;0;0;0;0
  6;15;    93;;53.03.11;500000;"""Кинетика окислительных процессов при кристаллизации стали""";Бабаевский П.Г.;заведующий кафедрой;доцент;кандидат технических наук;0;0;0;0;0
 65;15;    18;;53.45.29;600000;Разработка математической модели процесса калибрования изделий из автоматной стали с учетом неоднородности распределения механических свойств;Грабович М.Ю.;заведующий кафедрой;профессор;доктор технических наук;0;0;0;0;0
 34;15;    93;;53.03.11;400000;Термодинамика и кинетика процессов взаимодействия примесей цветных металлов в железоуглероодистых расплавах с футеровкой агрегата;Беневоленский С.Б.;профессор;профессор;доктор технических наук;0;0;0;0;0
 36;15;    57;;53.03.05,53.03.07;240000;Исследование свойств и пpоцессов полимеpизации оксидных pасплавов методами компьютеpного моделиpования;Клоков В.В.;заведующий кафедрой;доцент;кандидат физико-математических наук;0;0;0;0;0
 55;15;    92;;53.03.11;720000;Кинетические закономерности восстановления цинка при разных способах переработки цинк-содержащих оксидных материалов;Машуков Е.В.;доцент;доцент;кандидат технических наук;0;0;0;0;0
 74;15;    55;;55.23;400000;Разработка комплексных технологий производства деталей машин и приборов из некомпактных материалов;Куршев В.Н.;заведующий кафедрой;профессор;доктор технических наук;0;0;0;0;0
 50;15;     1;;53.01.91;560000;Разработка теории и практики низкосортного вторичного сырья сплавов цветных металлов;Чагин В.А.;заведующий кафедрой;профессор;доктор технических наук;0;0;0;0;0
 62;15;    57;;53.37.33;480000;Нетрадиционные аппараты для обогощения золота и алмазов;Пудовик А.Н.;заведующий кафедрой;профессор;доктор технических наук;0;0;0;0;0
  3;15;    35;;53.03.09;180000;Анализ металлургических процессов, протекающих при получении многослойных отливок с использованием СВС-смесей;Попович А.А.;заведующий кафедрой;профессор;доктор технических наук;0;0;0;0;0
 17;15;    55;;53.03.09;560000;Влияние процессов высокоскоростного затвердевания на свойства дискретных и непрерывных волокон, получаемых из расплава.;Солдаткин В.М.;заведующий кафедрой;профессор;доктор технических наук;0;0;0;0;0
 58;15;    55;;53.37.15;480000;Научные основы изыскания флотационных реагентов.;Насыров И.К.;;;;0;0;0;0;0
 48;15;    90;;53.03.09;300000;Разработка моделей модифицирования железа и стали РЗМ на основе расчетов энергии высокотемпературного межчастичного взаимодействия в расплавах;Акинфиев Н.Н.;профессор;доцент;кандидат технических наук;0;0;0;0;0
 56;15;    13;;53.31.15;320000;Оптимезация гранулометрического состава агломерата для доменных печей;Кухтин Б.А.;заведующий кафедрой;профессор;доктор технических наук;0;0;0;0;0
 64;15;    93;;53.45.03,53.45.29;600000;Создание теоретических и технологических основ асимметричного волочения.;Баранов П.Н.;заведующий кафедрой;доцент;доктор технических наук;0;0;0;0;0
 59;15;    15;;53.37,53.37.15;600000;Разработка научных основ регулирования селективности флотации минералов и руд цветных металлов по ионному составу пульпы.;Синяков В.Н.;профессор;профессор;доктор технических наук;0;0;0;0;0
 76;15;    91;;53.39.03;700000;Установление закономерностей формирования ультрамелкозернистой структуры металлов методами порошковой металлургии;Тюганова М.А.;профессор;профессор;доктор физико-математических наук;0;0;0;0;0
 20;15;    93;;53.01.94,87.53.13;420000;Химико-экологические и технологические методы рекурперации и утилизации вредных отходов литейного производства;Черняев А.В.;заведующий кафедрой;доцент;кандидат химических наук;0;0;0;0;0
 11;15;    73;;53.01.91;420000;Разработка технологии утилизации металлургических шлаков и зол ТЭЦ путем их расплавления и поризации;Цыкин Р.А.;профессор;доцент;кандидат технических наук;0;0;0;0;0
 78;15;     6;;55.23.09,55.23.13;700000;Теоретические и технологические аспекты формирования изделий из порошковых композиционных материалов для машиностроения и металлургии при воздействии внешних силовых факторов;Федоров Д.Л.;заведующий кафедрой;профессор;доктор технических наук;0;0;0;0;0
 33;15;    91;;53.03.09;480000;Исследлвание  закономернстей формирования структуры в водосодержащих сплавах на основе интерметаллида титана в процессе изгготовления сварных листовых соединений с использованием термоводородной обраб;Охотин А.С.;доцент;доцент;кандидат технических наук;0;0;0;0;0
 37;15;    18;;53.03.13,53.03.15;360000;Разработка нового, экологически чистого способа получения алюминия;Миттова И.Я.;заведующий кафедрой;профессор;доктор технических наук;0;0;0;0;0
